codon,wt_dwell_time_sec,geo_accession_source
AAA,0.1362,GSE123456_RiboSeq_rRNA_KD
AAC,0.274,GSE123456_RiboSeq_rRNA_KD
AAG,0.1942,GSE123456_RiboSeq_rRNA_KD
AAU,0.2066,GSE123456_RiboSeq_rRNA_KD
ACA,0.1263,GSE123456_RiboSeq_rRNA_KD
ACC,0.1323,GSE123456_RiboSeq_rRNA_KD
ACG,0.113,GSE123456_RiboSeq_rRNA_KD
ACU,0.2488,GSE123456_RiboSeq_rRNA_KD
AGA,0.1658,GSE123456_RiboSeq_rRNA_KD
AGC,0.2717,GSE123456_RiboSeq_rRNA_KD
AGG,0.2079,GSE123456_RiboSeq_rRNA_KD
AGU,0.1531,GSE123456_RiboSeq_rRNA_KD
AUA,0.2732,GSE123456_RiboSeq_rRNA_KD
AUC,0.2132,GSE123456_RiboSeq_rRNA_KD
AUG,0.1351,GSE123456_RiboSeq_rRNA_KD
AUU,0.1477,GSE123456_RiboSeq_rRNA_KD
CAA,0.2075,GSE123456_RiboSeq_rRNA_KD
CAC,0.142,GSE123456_RiboSeq_rRNA_KD
CAG,0.1196,GSE123456_RiboSeq_rRNA_KD
CAU,0.2825,GSE123456_RiboSeq_rRNA_KD
CCA,0.12,GSE123456_RiboSeq_rRNA_KD
CCC,0.13,GSE123456_RiboSeq_rRNA_KD
CCG,0.1805,GSE123456_RiboSeq_rRNA_KD
CCU,0.2257,GSE123456_RiboSeq_rRNA_KD
CGA,0.1082,GSE123456_RiboSeq_rRNA_KD
CGC,0.1812,GSE123456_RiboSeq_rRNA_KD
CGG,0.2463,GSE123456_RiboSeq_rRNA_KD
CGU,0.2451,GSE123456_RiboSeq_rRNA_KD
CUA,0.1166,GSE123456_RiboSeq_rRNA_KD
CUC,0.1404,GSE123456_RiboSeq_rRNA_KD
CUG,0.1199,GSE123456_RiboSeq_rRNA_KD
CUU,0.1269,GSE123456_RiboSeq_rRNA_KD
GAA,0.1488,GSE123456_RiboSeq_rRNA_KD
GAC,0.1071,GSE123456_RiboSeq_rRNA_KD
GAG,0.1733,GSE123456_RiboSeq_rRNA_KD
GAU,0.1468,GSE123456_RiboSeq_rRNA_KD
GCA,0.1179,GSE123456_RiboSeq_rRNA_KD
GCC,0.1387,GSE123456_RiboSeq_rRNA_KD
GCG,0.1153,GSE123456_RiboSeq_rRNA_KD
GCU,0.1437,GSE123456_RiboSeq_rRNA_KD
GGA,0.1294,GSE123456_RiboSeq_rRNA_KD
GGC,0.2653,GSE123456_RiboSeq_rRNA_KD
GGG,0.2053,GSE123456_RiboSeq_rRNA_KD
GGU,0.1908,GSE123456_RiboSeq_rRNA_KD
GUA,0.2513,GSE123456_RiboSeq_rRNA_KD
GUC,0.2041,GSE123456_RiboSeq_rRNA_KD
GUG,0.2433,GSE123456_RiboSeq_rRNA_KD
GUU,0.1934,GSE123456_RiboSeq_rRNA_KD
UAA,0.0,GSE123456_RiboSeq_rRNA_KD
UAC,0.1368,GSE123456_RiboSeq_rRNA_KD
UAG,0.0,GSE123456_RiboSeq_rRNA_KD
UAU,0.1757,GSE123456_RiboSeq_rRNA_KD
UCA,0.1748,GSE123456_RiboSeq_rRNA_KD
UCC,0.2101,GSE123456_RiboSeq_rRNA_KD
UCG,0.1961,GSE123456_RiboSeq_rRNA_KD
UCU,0.1096,GSE123456_RiboSeq_rRNA_KD
UGA,0.0,GSE123456_RiboSeq_rRNA_KD
UGC,0.1353,GSE123456_RiboSeq_rRNA_KD
UGG,0.1399,GSE123456_RiboSeq_rRNA_KD
UGU,0.2208,GSE123456_RiboSeq_rRNA_KD
UUA,0.1271,GSE123456_RiboSeq_rRNA_KD
UUC,0.2232,GSE123456_RiboSeq_rRNA_KD
UUG,0.173,GSE123456_RiboSeq_rRNA_KD
UUU,0.1059,GSE123456_RiboSeq_rRNA_KD
